species,decimalLongitude,decimalLatitude,year,bioamerica_70_20.bioame_bio_01,bioamerica_70_20.bioame_bio_02,bioamerica_70_20.bioame_bio_03,bioamerica_70_20.bioame_bio_04,bioamerica_70_20.bioame_bio_05,bioamerica_70_20.bioame_bio_06,bioamerica_70_20.bioame_bio_07,bioamerica_70_20.bioame_bio_08,bioamerica_70_20.bioame_bio_09,bioamerica_70_20.bioame_bio_10,bioamerica_70_20.bioame_bio_11,bioamerica_70_20.bioame_bio_12,bioamerica_70_20.bioame_bio_13,bioamerica_70_20.bioame_bio_14,bioamerica_70_20.bioame_bio_15,bioamerica_70_20.bioame_bio_16,bioamerica_70_20.bioame_bio_17,bioamerica_70_20.bioame_bio_18,bioamerica_70_20.bioame_bio_19
Urocyon cinereoargenteus,-123.3156971,44.1492316,1970,121.096771240234,100.838706970215,40.6693534851074,4937.29052734375,264.774200439453,15.8064517974854,248.967742919922,70.1881713867188,180.795700073242,184.419036865234,64.6451644897461,1257.83874511719,313.290313720703,4.29032278060913,0.935483872890472,700.967712402344,45.7419357299805,54.8387107849121,643.419372558594
Urocyon cinereoargenteus,-78.43122,44.22651,1977,69.3548355102539,81.5806427001953,21.5541934967041,10259.61328125,248.258071899414,-132.225799560547,380.483856201172,93.4946212768555,6.80107545852661,191.531616210938,-59.2903213500977,712.806457519531,96.6128997802734,29.2580642700195,0.343548387289047,233.741928100586,128.064514160156,187.935485839844,154.967742919922
Urocyon cinereoargenteus,-79.128442,43.97281,1979,71.6774215698242,84.2903213500977,22.4790325164795,10111.4833984375,251.419357299805,-125.419357299805,376.838714599609,113.091400146484,2.80107545852661,192.435806274414,-54.5161285400391,830.032287597656,113.451614379883,33.1935501098633,0.355483859777451,277.322570800781,146,230.967742919922,175.032257080078
Urocyon cinereoargenteus,-87.935893,41.769753,1988,95.9032287597656,89.1612930297852,23.4977416992188,10267.38671875,278.354827880859,-103.387100219727,381.741943359375,169.698928833008,5.32795715332031,217.166778564453,-33.9677429199219,891.258056640625,153.935485839844,20.7419357299805,0.553548395633698,359.193542480469,108.870964050293,296,125.096771240234
Urocyon cinereoargenteus,-84.4420927,42.5796514,1998,88.3871002197266,92.4193572998047,24.5829029083252,10095.38671875,273.967742919922,-103.677421569824,377.645172119141,155.096771240234,-0.833333492279053,208.973541259766,-37.8064498901367,785.935485839844,122.032257080078,22.2580642700195,0.456129044294357,281.612915039063,114.290321350098,242.806457519531,131.290328979492
Urocyon cinereoargenteus,-84.380991,42.6691505,1990,88.1935501098633,92.6128997802734,24.5716133117676,10108.2255859375,274,-104.612899780273,378.612915039063,154.82258605957,-6.89784955978394,208.816772460938,-38.2258071899414,773.645141601563,120.451614379883,22.0322589874268,0.454516142606735,276.677429199219,112.709678649902,237.903228759766,128.870971679688
Urocyon cinereoargenteus,-83.7690724,42.2483554,1975,89.7419357299805,87.6451644897461,23.7477416992188,10008.2900390625,270.774200439453,-100.096771240234,370.870971679688,150.048385620117,23.5322570800781,209.161285400391,-35.2903213500977,778.967712402344,117.419357299805,23.5483875274658,0.439354836940765,274.741943359375,117.354835510254,232,142.870971679688
Urocyon cinereoargenteus,-80.67639,41.89083,1979,93.6451644897461,71,21.1464519500732,9404.8388671875,256.903228759766,-81.1935501098633,338.096771240234,128.516128540039,1.8655914068222,206.370651245117,-23.1935482025147,1032.29028320313,149,38.0322570800781,0.384838700294495,347.419342041016,173.645156860352,297.806457519531,193.967742919922
Urocyon cinereoargenteus,-80.545,41.93972,1979,95.0645141601563,71.9677429199219,21.3622589111328,9399.064453125,259.064514160156,-80.1612930297852,339.225799560547,131.838714599609,3.54838728904724,207.930969238281,-21.4516124725342,975.709655761719,140.387100219727,36.2258071899414,0.380967736244202,327.612915039063,164.483871459961,282.129028320313,185
Urocyon cinereoargenteus,-80.69223,42.63417,1978,88.0322570800781,67.0967712402344,19.8122577667236,9603.5166015625,253.193542480469,-87.6774215698242,340.870971679688,97.0698928833008,59.6451606750488,203.623229980469,-30.1935482025147,971.129028320312,136.838714599609,38.8709678649902,0.353870958089829,315.741943359375,176.709671020508,253.645156860352,221.387100219727
Urocyon cinereoargenteus,-76.510119,42.222229,1996,85.6128997802735,86.5483856201172,24.1296768188477,9519.9677734375,257.806457519531,-103,360.806457519531,149.317199707031,-4.62365579605103,198.983871459961,-33.5483856201172,823.677429199219,132.32258605957,27.4516124725342,0.434516131877899,291.516143798828,131.903228759766,239.032257080078,155.870971679688
Urocyon cinereoargenteus,-72.050735,42.596451,1998,85.8387069702149,88.8064498901367,24.2322578430176,9602.322265625,262.870971679688,-105.225807189941,368.096771240234,80.2365570068359,105.376342773438,201.860000610352,-33.7419357299805,1047.93542480469,167.32258605957,33.4516143798828,0.451935470104218,352.612915039063,174.096771240234,256.064514160156,261.064514160156
Urocyon cinereoargenteus,-71.373953,42.865087,1999,90.2258071899414,84.0967712402344,23.3677425384522,9510.1611328125,263.225799560547,-98.2580642700195,361.483856201172,71.3602142333984,125.720428466797,205.28547668457,-28.1290321350098,1151.77416992188,186.290328979492,35.5161285400391,0.465161293745041,392,187.419357299805,262.709686279297,291.709686279297
Urocyon cinereoargenteus,-71.127581,42.634738,1999,92.6774215698242,75.4838714599609,22.3193550109863,9059.4189453125,255.096771240234,-84.7741928100586,339.870971679688,64.4516143798828,136.5,202.328063964844,-19.2903232574463,1312.45166015625,217.064514160156,39,0.485483855009079,452.677429199219,205.580642700195,265.193542480469,345.677429199219
Urocyon cinereoargenteus,-70.839,41.876,1970,97.7741928100586,52.6129035949707,18.5322589874268,7985.935546875,232.483871459961,-53.2580642700195,285.741943359375,70.2634429931641,136.838714599609,195.252258300781,0.74193549156189,1228.90319824219,198.032257080078,37.1612892150879,0.488064527511597,423.548400878906,191.129028320313,269.645172119141,331.483856201172
Urocyon cinereoargenteus,-122.006144,40.456082,1998,139.645156860352,131.967742919922,37.576774597168,7754.48388671875,342.129028320313,-9.58064556121826,351.709686279297,65.0483856201172,227.897857666016,238.33967590332,51.2580642700195,1264.87097167969,360.483856201172,2.32258057594299,1.10096776485443,757.935485839844,27.0322589874268,44.3870964050293,595.548400878906
Urocyon cinereoargenteus,-105.347935,39.881261,1997,31.8709678649902,140.67741394043,37.6148376464844,8308.3544921875,225.838714599609,-149.032257080078,374.870971679688,83.9085998535156,-45.5967750549316,136.612579345703,-65.870964050293,488.483856201172,95.8387069702149,8.77419376373291,0.653225779533386,208.483871459961,46.8387107849121,149.193542480469,59.0967750549316
Urocyon cinereoargenteus,-91.0667,41.41922,1984,99.9032287597656,98.0645141601563,23.9990329742432,10986.7421875,294.516143798828,-116.354835510254,410.870971679688,190.897842407227,-27.537633895874,228.138717651367,-40.8709678649902,980.193542480469,191.612899780273,17.2258071899414,0.642903208732605,425.161285400391,97,355.225799560547,108.806449890137
Urocyon cinereoargenteus,-75.238384,41.228707,1999,90.5806427001953,87.8064498901367,25.1474189758301,9210.2255859375,261.129028320313,-90,351.129028320313,129.392471313477,67.6935501098633,201.699356079102,-23.6774196624756,1079.90319824219,172.032257080078,34.1290321350098,0.459032267332077,375.193542480469,173.387100219727,278.967742919922,234.354843139648
Urocyon cinereoargenteus,-75.4595348,39.9016854,1974,126.74193572998,87.2903213500977,25.6261291503906,9051,294.064514160156,-48.5161285400391,342.580657958984,145.360214233398,106.166664123535,236.28515625,15.1290321350098,1038.45166015625,160.967742919922,30.7096767425537,0.462580651044846,365.677429199219,162.645156860352,271.806457519531,240.225799560547
Urocyon cinereoargenteus,-122.8060184,38.0545449,1999,145.806457519531,80.3548355102539,44.7203216552734,3344.87084960938,243,62.5806465148926,180.419357299805,110.666664123535,180.698928833008,185.531936645508,105.612899780273,715.258056640625,229.032257080078,0.483870953321457,1.24548387527466,479.516143798828,7.16129016876221,11.3870964050293,403.741943359375
Urocyon cinereoargenteus,-122.502947,37.8609376,1992,143.451614379883,86.870964050293,46.1416130065918,3434.87084960938,245.225799560547,56.2258071899414,189,107.177421569824,179.247314453125,183.94580078125,101.838706970215,706.709655761719,228.483871459961,0.483870953321457,1.26516127586365,477.612915039063,6.74193525314331,10.5483875274658,392.774200439453
Urocyon cinereoargenteus,-122.5240411,38.3624197,1985,151.870971679688,107.870964050293,45.0938720703125,4578.58056640625,282.870971679688,43.0645179748535,239.806457519531,103.193550109863,201.591400146484,206.747100830078,96.4193572998047,632.903198242188,218.258071899414,0.25806450843811,1.29935479164124,436.064514160156,6.22580623626709,10.6451616287231,368.516143798828
Urocyon cinereoargenteus,-122.6829396,38.2053817,1977,148.290328979492,94.7419357299805,45.4761276245117,3930,261.870971679688,52.9032249450684,208.967742919922,106.661293029785,190.139785766602,195.209030151367,100.967742919922,699.580627441406,233.290328979492,0.451612889766693,1.27161288261414,473.580657958984,7.38709688186646,12.5161294937134,396.677429199219
Urocyon cinereoargenteus,-122.2482427,37.9001319,1988,133.580642700195,102.387100219727,47.0619354248047,3981.54833984375,252.129028320313,33.9032249450684,218.225799560547,92.9838714599609,175.139785766602,180.870971679688,85.3225784301758,661.806457519531,207.451614379883,0.483870953321457,1.22161293029785,431.516143798828,7.74193525314331,13.290322303772,344.967742919922
Urocyon cinereoargenteus,-122.2944141,38.3778573,1975,155.290328979492,116,45.3487091064453,4918.0322265625,296.096771240234,39.7096786499023,256.387084960938,103.677421569824,209.424728393555,214.413864135742,96.0322570800781,700.354858398438,230,0.483870953321457,1.25580644607544,465.032257080078,7.83870983123779,14.2258062362671,382.935485839844
Urocyon cinereoargenteus,-120.42167,37.95333,1984,161.290328979492,134.580642700195,42.1964530944824,6530.61279296875,339.419342041016,20.0322589874268,319.387084960938,96.870964050293,238.752685546875,243.586135864258,86.4516143798828,781.193542480469,234.548385620117,0.322580635547638,1.19354844093323,491.516143798828,6.87096786499023,13.5161294937134,397.193542480469
Urocyon cinereoargenteus,-121.9138098,37.881538,1976,97.2903213500977,115.645164489746,47.842903137207,4396.7744140625,229.709671020508,-12.6451616287231,242.354843139648,52.6236572265625,143.478500366211,150.026779174805,44.3548393249512,596.129028320313,188,0.290322571992874,1.23000001907349,392.193542480469,6.12903213500977,10.9354839324951,319.903228759766
Urocyon cinereoargenteus,-119.509277,37.73597,1991,82.5806427001953,134.161285400391,40.1751594543457,7165.935546875,267.548400878906,-66.8064498901367,334.354827880859,13.1935482025147,156.973114013672,174.354187011719,1.87096774578094,769.774169921875,211.580642700195,2.09677410125732,1.06451618671417,439.935485839844,26.1935482025147,46.1612892150879,353.741943359375
Urocyon cinereoargenteus,-111.02567,37.854527,1991,113.225807189941,126.032257080078,31.5696773529053,9896,320.354827880859,-79.9032287597656,400.258056640625,136.446243286133,92.1612930297852,236.515808105469,-5.96774196624756,148.451614379883,31.1935482025147,1.90322577953339,0.693548381328583,65.7419357299805,15.4516124725342,37.6451606750488,31.5483875274658
Urocyon cinereoargenteus,-109.5625,39.52083,1996,71.8064498901367,121.838706970215,30.317419052124,9953.3544921875,282.935485839844,-121.064514160156,404,105.424728393555,40.5752677917481,196.592254638672,-47.677417755127,254.129028320313,49.7096786499024,3.83870959281921,0.636451601982117,102.645164489746,31.6129035949707,61.1935501098633,46.8387107849121
Urocyon cinereoargenteus,-108.754833,39.154622,1976,120.903228759766,124.870964050293,30.4977416992188,10071.87109375,335.516143798828,-75.6128997802734,411.129028320313,116.580642700195,120.333335876465,247.463226318359,0.25806450843811,184.451614379883,32.6451606750488,3,0.569999992847443,71.4838714599609,24.7419357299805,43.2580642700195,38.5161285400391
Urocyon cinereoargenteus,-80.233295,39.072755,1988,111.709678649902,89.129035949707,27.0364513397217,8572.193359375,269.838714599609,-61.7419357299805,331.580657958984,171.392471313477,64.3548355102539,213.87548828125,4.35483884811401,1131.35485839844,168.225799560547,40.9677429199219,0.400645166635513,387.096771240234,185,341.483856201172,255.709671020508
Urocyon cinereoargenteus,-121.971905,37.544659,1999,150.967742919922,103.580642700195,48.0629043579102,3829.22583007813,267.741943359375,51.5483856201172,216.193542480469,112.607528686523,188.645156860352,196.381607055664,104.483871459961,476.806457519531,146.419357299805,0.25806450843811,1.20290327072144,308.838714599609,5.38709688186646,10.2580642700195,250.064514160156
Urocyon cinereoargenteus,-118.2360472,35.7002655,1973,144.709671020508,139.096771240234,39.6583862304688,7850.7744140625,337.612915039063,-13.5483875274658,351.161285400391,71.5645141601563,211.919357299805,244.377426147461,54.9354820251465,246.516128540039,78.2258071899414,0.354838699102402,1.17838704586029,153.129028320313,6.22580623626709,18.6451606750488,118.322578430176
Urocyon cinereoargenteus,-117.23514,36.070504,1973,222.612899780273,133.064514160156,34.7558059692383,9218.7099609375,426.612915039062,43.4516143798828,383.161285400391,152.037628173828,247.951614379883,337.704833984375,113.870964050293,89.7419357299805,30.3870964050293,0.161290317773819,1.07129037380219,50.9354820251465,3.32258057594299,15.0645160675049,34.7096786499023
Urocyon cinereoargenteus,-111.279488,37.228552,1971,149.129028320313,127.032257080078,31.6758060455322,10038.6455078125,356.322570800781,-45.4516143798828,401.774200439453,181.537628173828,119.731178283691,273.790008544922,27.7419357299805,161.806457519531,36.4193534851074,1.58064520359039,0.752258062362671,74.0322570800781,14.9354839324951,44.0967750549316,32.2903213500977
Urocyon cinereoargenteus,-108.7692756,35.7436816,1979,114.322578430176,132.258071899414,35.4825820922852,8906.2255859375,308.741943359375,-64.3225784301758,373.064514160156,173.198928833008,93.5806427001953,224.381942749023,6.77419376373291,203.451614379883,47.677417755127,1.90322577953339,0.788709700107575,97.4193572998047,18.7419357299805,75.8064498901367,36.8064498901367
Urocyon cinereoargenteus,-108.1270056,36.9305302,1977,107.548385620117,132.290328979492,34.3029022216797,9152.1611328125,307.258056640625,-79.2580642700195,386.516143798828,127.838706970215,95.6827926635742,221.55322265625,-2.5806450843811,288.612915039063,58.7419357299805,3.67741942405701,0.687096774578095,120.870964050293,30.9677410125732,73.4193572998047,63.7741928100586
Urocyon cinereoargenteus,-108.478114,37.27373,1990,65.129035949707,130.483871459961,34.5993537902832,8856.1611328125,262.741943359375,-115.290321350098,378.032257080078,64.4354858398438,51.7849464416504,176.381607055664,-40.677417755127,480.548400878906,96.2903213500977,6.12903213500977,0.68677419424057,199.32258605957,51.4516143798828,114.354835510254,118
Urocyon cinereoargenteus,-106.5213827,36.6426014,1993,67.0645141601563,137.806457519531,36.2777404785156,8677.61328125,257.645172119141,-123.096771240234,380.741943359375,103.559143066406,56.2311820983887,174.188064575195,-38.322582244873,567.903198242188,101.838706970215,10.3548383712769,0.602580666542053,221.129028320313,71.2903213500977,173.806457519531,124.25806427002
Urocyon cinereoargenteus,-106.47309,36.33168,1992,96.4516143798828,136.516128540039,35.8380661010742,8853.9677734375,288.451599121094,-93.1612930297852,381.612915039063,179.403228759766,53.381721496582,205.365798950195,-11.4516124725342,321.193542480469,63.2580642700195,5.25806474685669,0.669677436351776,139.612899780273,34.8387107849121,122.935485839844,50.3548393249512
Urocyon cinereoargenteus,-107.61383,36.79925,1997,98.6128997802734,133.161285400391,34.6651611328125,9034.0322265625,295.451599121094,-89.6451644897461,385.096771240234,120.779571533203,88.5645141601563,211.085800170898,-10.2580642700195,337.774200439453,66.7741928100586,4.5806450843811,0.665483891963959,139,38.1935501098633,88.3225784301758,79.4838714599609
Urocyon cinereoargenteus,-105.6467483,36.6694234,1998,72.8064498901367,139.516128540039,36.9493560791016,8622.9677734375,262.193542480469,-116.225807189941,378.419342041016,161.962371826172,8.30645084381104,179.074188232422,-31.9032249450684,359.612915039063,72.7096786499024,5.67741918563843,0.680967748165131,157.774200439453,37.9032249450684,141.774200439453,50.9677429199219
Urocyon cinereoargenteus,-104.23153,35.727,1997,134.870971679688,136.838714599609,37.4025802612305,8515.7421875,319.322570800781,-47.1935501098633,366.516143798828,217.467742919922,51.7258071899414,239.117736816406,30.4193553924561,423.774200439453,105.032257080078,1.74193549156189,0.93677419424057,226.451614379883,17.7096767425537,203.419357299805,25.2580642700195
Urocyon cinereoargenteus,-105.9,35.586667,1997,88.6128997802734,134.838714599609,37.124195098877,8492.2255859375,274.064514160156,-89.5483856201172,363.612915039063,180.645156860352,37.8870964050293,193.312255859375,-14.6774196624756,480.064514160156,103.709678649902,5.25806474685669,0.773225784301758,234.516128540039,41.4516143798828,209.064514160156,66.9677429199219
Urocyon cinereoargenteus,-104.464788,36.88985,1997,90.3548355102539,138.580642700195,37.576774597168,8537.5166015625,279.967742919922,-89.5161285400391,369.483856201172,185.026885986328,5.92473125457764,196.225799560547,-12.1612901687622,419.225799560547,101.870964050293,3.77419352531433,0.870000004768372,221.612899780273,24.8064517974854,207.354843139648,32.4193534851074
Urocyon cinereoargenteus,-105.358056,35.910833,1997,81.8064498901367,134.645156860352,37.4393539428711,8324.4833984375,265.967742919922,-94.1612930297852,360.129028320313,173.00537109375,22.537633895874,184.537414550781,-19.0645160675049,463.193542480469,104.032257080078,4.70967721939087,0.801290333271027,229.129028320313,36.6451606750488,217.903228759766,54.7741928100586
Urocyon cinereoargenteus,-88.018497,36.75559,1983,145.225799560547,94.6128997802734,27.5761299133301,8973.064453125,311.322570800781,-33.9032249450684,345.225799560547,123.091400146484,152.338714599609,251.520324707031,31.8387088775635,1293.09680175781,212,40.5161285400391,0.46290323138237,470.290313720703,201.516128540039,310.741943359375,348
Urocyon cinereoargenteus,-88.255712,35.817925,1992,150.741928100586,94.1935501098633,28.5699996948242,8571.4833984375,310.064514160156,-21.7096767425537,331.774200439453,106.204299926758,173.67741394043,252.140640258789,42.6129035949707,1367.12902832031,227.741928100586,41.1290321350098,0.486774206161499,514.548400878906,201.838714599609,303.838714599609,399.870971679688
Urocyon cinereoargenteus,-87.06841,36.087856,1978,149.741928100586,94.0645141601563,28.6958065032959,8527,307.709686279297,-22.0967750549316,329.806457519531,106.82795715332,168.586029052734,250.774520874023,42.3548393249512,1183.9677734375,202.032257080078,37.0967750549316,0.478387087583542,442.193542480469,183,265.032257080078,332.709686279297
Urocyon cinereoargenteus,-85.073975,36.018343,1985,130.645156860352,93.3871002197266,29.7616138458252,8087.41943359375,282.451599121094,-33.322582244873,315.774200439453,83.1505355834961,149.268814086914,227.177734375,29.7741928100586,1409.38708496094,221.612899780273,47.3225822448731,0.430645167827606,501.741943359375,227.258071899414,333.774200439453,411.580657958984
Urocyon cinereoargenteus,-83.927597,35.9534,1975,146.193542480469,94.0322570800781,30.08935546875,8035.38720703125,297.548400878906,-16.5806446075439,314.129028320313,87.0161285400391,175.575271606445,242.210327148438,46.3225822448731,1166.51611328125,173.258071899414,40.1935501098633,0.395483881235123,405.322570800781,191,267.774200439453,343.612915039063
Urocyon cinereoargenteus,-81.111504,36.372799,1998,133.032257080078,94.1935501098633,30.2845153808594,7980.61279296875,284.580657958984,-27.9677410125732,312.548400878906,170.290328979492,101.322578430176,228.828704833984,33.6451606750488,1017.80645751953,153.258071899414,32.9354820251465,0.422580629587173,348.354827880859,162.548385620117,271.677429199219,229.258071899414
Urocyon cinereoargenteus,-78.729599,35.916302,1995,152.67741394043,93.8064498901367,30.3132266998291,7897,302.225799560547,-8.54838752746582,310.774200439453,179.435485839844,140.629028320313,247.295486450195,54.4193534851074,1255.74194335938,196.709671020508,38.9032249450684,0.461935490369797,431.322570800781,198.193542480469,346.516143798828,321.580657958984
Urocyon cinereoargenteus,-78.8946,35.7467,2000,156.709671020508,93.7741928100586,30.3129024505615,7876.193359375,305.612915039063,-5.09677410125732,310.709686279297,175.66667175293,144.33332824707,250.774520874023,58.2903213500977,1220.67736816406,191.193542480469,37.1290321350098,0.461290329694748,418.290313720703,192.967742919922,337.322570800781,317.225799560547
Urocyon cinereoargenteus,-118.1943781,35.2287748,1973,132.096771240234,142.032257080078,41.4329032897949,7438.9677734375,320.419342041016,-22.8387088775635,343.258056640625,59.5107536315918,195.693542480469,226.403228759766,46.9677429199219,217.516128540039,73.8064498901367,0.290322571992874,1.25419354438782,142.709671020508,4.03225803375244,12.6774196624756,109.935485839844
Urocyon cinereoargenteus,-118.4674575,34.0772691,1990,184.161285400391,119.354835510254,45.9477424621582,5157.25830078125,323.967742919922,63.5806465148926,260.387084960938,132.021499633789,236.107528686523,249.693878173828,125.451614379883,297.741943359375,104.74193572998,0,1.3570967912674,211.612899780273,2.19354844093323,6.87096786499023,177.903228759766
Urocyon cinereoargenteus,-116.4344719,33.5883169,1998,142.645156860352,146.741928100586,45.1264495849609,6619.806640625,319.709686279297,-5.87096786499023,325.580657958984,88.9892501831055,178.473114013672,226.832901000977,66.7419357299805,224.451614379883,75.7419357299805,0.225806444883347,1.19258069992065,134.354843139648,6.5806450843811,34.5161285400391,103.354835510254
Urocyon cinereoargenteus,-116.016667,33.628634,1994,217.612899780273,148.32258605957,42.7922592163086,7402.9677734375,405.290313720703,58.2903213500977,347,212.634414672852,233.521514892578,310.962585449219,131.67741394043,103.25806427002,36.9354820251465,0.193548381328583,1.13419353961945,59.8709678649902,3.64516139030457,29.0967750549316,36.5161285400391
Urocyon cinereoargenteus,-115.8304694,33.6498951,1978,212.483871459961,148.064514160156,42.465160369873,7511.9033203125,401.129028320313,52.0645179748535,349.064514160156,209.483871459961,221.607528686523,307.134185791016,125.161293029785,88.0967712402344,32.0967750549316,0.129032254219055,1.14967739582062,52,2.61290311813355,27.1612911224365,29.6129035949707
Urocyon cinereoargenteus,-108.51832,33.889891,1975,107.387100219727,133.516128540039,39.0532264709473,7758,284.612915039063,-57.6129035949707,342.225799560547,181.17204284668,85.5860214233399,203.49967956543,14.5806455612183,350.774200439453,79.3871002197266,3.54838705062866,0.805483877658844,170.838714599609,28.8064517974854,136.870971679688,62.2580642700195
Urocyon cinereoargenteus,-108.5154171,35.3783269,1970,86.9032287597656,131.935485839844,36.6212921142578,8517.806640625,275.064514160156,-85.4838714599609,360.548400878906,140.720428466797,67.6505355834961,192.618057250977,-15.3870964050293,389.451599121094,84.5161285400391,3.90322589874268,0.759032249450684,175.967742919922,38.4516143798828,135.225799560547,77.7096786499024
Urocyon cinereoargenteus,-106.372802,35.107546,1989,110.322578430176,135.096771240234,36.9116134643555,8661.935546875,296.548400878906,-69.7741928100586,366.322570800781,200.532257080078,69.0752716064453,216.687423706055,4.77419376373291,295.451599121094,69.0967712402344,2.70967745780945,0.820322573184967,148.806457519531,23.8064517974854,128.161285400391,41.1935501098633
Urocyon cinereoargenteus,-107.177437,33.814748,1973,119.451614379883,135.645156860352,38.4803237915039,8178.29052734375,297.967742919922,-54.8387107849121,352.806457519531,200.392471313477,73.134407043457,219.617416381836,20.2258071899414,412.741943359375,104.064514160156,3,0.920967757701874,222.451614379883,27.7419357299805,184.967742919922,53.9354820251465
Urocyon cinereoargenteus,-107.13,34.03,1973,113.419357299805,135.774200439453,38.2787094116211,8268.12890625,292.967742919922,-62.0322570800781,355,197.784942626953,65.9731216430664,214.758712768555,12.9032258987427,264.741943359375,69.6451644897461,1.70967745780945,0.946774184703827,148.387100219727,17.0322589874268,123.322578430176,33.5483856201172
Urocyon cinereoargenteus,-106.8836998,34.3500259,1990,149.548385620117,135.290328979492,37.0367736816406,8682.2578125,334.096771240234,-31.4838714599609,365.580657958984,235.279571533203,101.419357299805,255.521942138672,43.3548393249512,224.806457519531,61.3548393249512,1.25806450843811,0.970322608947754,129.645156860352,13.7419357299805,104.354835510254,27.5161285400391
Urocyon cinereoargenteus,-106.6638539,35.0783924,1978,141.967742919922,134.935485839844,36.1596794128418,8948.064453125,331.290313720703,-42.1612892150879,373.451599121094,229.311828613281,98.7096786499023,251.370651245117,32.5483856201172,222.935485839844,51.0322570800781,2.16129040718079,0.786451637744904,108.387100219727,18.7741928100586,91.129035949707,33.6451606750488
Urocyon cinereoargenteus,-106.600042,34.66271,2000,141.774200439453,135.129028320313,36.7729034423828,8756.4189453125,327.516143798828,-40.2580642700195,367.774200439453,218.344085693359,100.08602142334,248.746780395508,34.5806465148926,298.032257080078,68.5483856201172,2.45161294937134,0.804193556308746,144.32258605957,24.6451606750488,115.290321350098,47.5161285400391
Urocyon cinereoargenteus,-107.680611,35.340033,1998,103.096771240234,132.612899780273,36.1922569274902,8745.322265625,291.387084960938,-75.3871002197266,366.774200439453,185.790313720703,59.3494606018066,210.854522705078,-2.93548393249512,220.258071899414,53.9677429199219,2.03225803375244,0.842580616474152,114.645164489746,16.8064517974854,96.5806427001953,29.3225803375244
Urocyon cinereoargenteus,-105.950699,33.715131,1997,142.419357299805,133.387100219727,38.3422584533691,8047.193359375,318.032257080078,-30.1935482025147,348.225799560547,227.478500366211,101.403228759766,240.129028320313,43.3870964050293,349.129028320313,96.9032287597656,2.54838705062866,1.00193548202515,206.67741394043,22.3225803375244,183.290328979492,42.2258071899414
Urocyon cinereoargenteus,-105.5631503,35.0099998,1997,110.419357299805,134.064514160156,37.4974212646484,8350.193359375,292.774200439453,-65.129035949707,357.903228759766,199.548385620117,62.6236572265625,212.887100219727,8.58064556121826,340.935485839844,78.7741928100586,2.67741942405701,0.833870947360992,174.645156860352,25.4838714599609,157.645156860352,43.0645179748535
Urocyon cinereoargenteus,-105.946184,35.3955603,1993,115.419357299805,134.612899780273,36.7638702392578,8640.9033203125,302.096771240234,-64.4193572998047,366.516143798828,207.67204284668,65.7634429931641,221.398071289063,10,337.709686279297,73.7096786499023,3.29032254219055,0.776774168014526,165.161285400391,27.9032249450684,144.451614379883,45.9677429199219
Urocyon cinereoargenteus,-104.63911,34.877693,1997,147.67741394043,135.645156860352,37.6725807189941,8379.87109375,329.225799560547,-31.3548393249512,360.580657958984,236.575271606445,83.370964050293,249.951293945313,44.5161285400391,314.129028320313,76.4838714599609,2.25806450843811,0.869032263755798,163.387100219727,20,148.806457519531,32.0967750549316
Urocyon cinereoargenteus,-103.613056,35.157778,1997,150.516128540039,137,37.2548370361328,8579.6455078125,332.774200439453,-35.7096786499023,368.483856201172,239.419357299805,73.2365570068359,254.55419921875,44.0967750549316,388.709686279297,97.0967712402344,1.8387097120285,0.941290318965912,211.838714599609,18.5483875274658,191.064514160156,28.6451606750488
Urocyon cinereoargenteus,-97.578774,35.532142,1992,155.741928100586,108.129035949707,29.0212898254395,9387.548828125,337.903228759766,-36.0967750549316,374,211.698928833008,89.752685546875,268.441619873047,37.9354820251465,835.709655761719,185.193542480469,9.03225803375244,0.762903213500977,373.806457519531,71.9032287597656,232,99.0967712402344
Urocyon cinereoargenteus,-89.903714,35.16835,1978,162.516128540039,96.9354858398438,28.877742767334,8660.2900390625,324,-13.4838705062866,337.483856201172,116.774192810059,177.532257080078,264.790008544922,53.0967750549316,1235.16125488281,205.419357299805,36.2258071899414,0.485806435346603,457.129028320313,182.580642700195,258.387084960938,328.838714599609
Urocyon cinereoargenteus,-89.919809,35.051689,1978,162.516128540039,96.7419357299805,29.0329036712647,8582.322265625,322.580657958984,-12.3548383712769,334.935485839844,115.903228759766,171.258071899414,263.693878173828,54.1935501098633,1253.93542480469,208,36.677417755127,0.48903226852417,465.258056640625,185.612899780273,264.064514160156,338.806457519531
Urocyon cinereoargenteus,-89.393825,35.071177,1984,160.290328979492,94.9677429199219,29.0458068847656,8447.9033203125,317.677429199219,-11.0645160675049,328.741943359375,132.349456787109,174.344085693359,260.145477294922,53.9032249450684,1287.22583007813,211.967742919922,37.7419357299805,0.491290330886841,473.516143798828,188.548385620117,274.709686279297,340.419342041016
Urocyon cinereoargenteus,-84.03111,35.33667,1978,88.2580642700195,95.4516143798828,31.7154846191406,7547.70947265625,235.774200439453,-66.7096786499024,302.483856201172,47.2311820983887,104.048385620117,179.62419128418,-4.06451606750488,1955.70971679688,297.709686279297,59.8709678649902,0.436129033565521,704,302.967742919922,458.290313720703,602.741943359375
Urocyon cinereoargenteus,-116.906189,33.2959152,1970,154.645156860352,133.064514160156,46.7103233337402,5564.32275390625,309.193542480469,23.8709678649902,285.322570800781,103.301078796387,200.5,226.564514160156,91.7741928100586,514.322570800781,174.354843139648,0.645161271095276,1.25870966911316,332.258056640625,11.4516124725342,37.0967750549316,236.741928100586
Urocyon cinereoargenteus,-117.6655174,33.5006191,1989,188.451614379883,103.838706970215,45.2203216552734,4563.45166015625,312,81.6774215698242,230.32258605957,144.881713867188,229.467742919922,247.71516418457,137.451614379883,251.838714599609,91,0.129032254219055,1.35483872890472,176.774200439453,2.29032254219055,9.09677410125732,144.935485839844
Urocyon cinereoargenteus,-114.78,32.8,1997,244.354843139648,147.645156860352,41.8970985412598,7755.806640625,430.612915039062,77.9032287597656,352.709686279297,251.758071899414,268.559143066406,341.130004882813,153.193542480469,93.870964050293,32.8387107849121,0,1.14451611042023,53.1290321350098,3.03225803375244,27.6129035949707,27.8064517974854
Urocyon cinereoargenteus,-108.258084,32.894184,1982,125.387100219727,134.032257080078,39.5506439208984,7623.51611328125,297.580657958984,-41.6451606750488,339.225799560547,189.763442993164,119.360214233398,218.521286010742,32.9677429199219,407.419342041016,93.1612930297852,2.83870959281921,0.860000014305115,203,27.8709678649902,166.258071899414,82.8387069702148
Urocyon cinereoargenteus,-108.57672,32.965903,1970,160.645156860352,134,39.0067749023438,7793.35498046875,335.516143798828,-8.35483837127686,343.870971679688,229.064514160156,158.446228027344,255.709671020508,66.2258071899414,294.870971679688,69.6451644897461,1.8387097120285,0.87645161151886,149.387100219727,18.3225803375244,120.774192810059,60.5806465148926
Urocyon cinereoargenteus,-108.320321,31.91815,1978,175.548385620117,133.451614379883,38.8248405456543,7747.25830078125,346.870971679688,2.80645155906677,344.064514160156,239.758071899414,178.080642700195,268.058074951172,79.8387069702149,253.870971679688,64.129035949707,1.32258069515228,0.931612908840179,134.32258605957,14.3870964050293,110.064514160156,51.3870964050293
Urocyon cinereoargenteus,-108.452461,31.887368,1972,161.580642700195,133.645156860352,39.1980628967285,7653.61279296875,332,-9.29032230377197,341.290313720703,228.241928100586,171.688171386719,253.429992675781,67.5161285400391,370.193542480469,94.8387069702149,1.77419352531433,0.966451585292816,199.258071899414,20.0967750549316,166.258071899414,74.129035949707
Urocyon cinereoargenteus,-108.14144,33.275317,1981,126.129035949707,134.419357299805,39.3132247924805,7709.54833984375,300.806457519531,-41.4516143798828,342.258056640625,193.752685546875,118.306449890137,220.521286010742,32.8387107849121,338.451599121094,83.5161285400391,2.4193549156189,0.90129029750824,180.387100219727,22.1935482025147,143.354843139648,60
Urocyon cinereoargenteus,-109.205748,31.883797,1977,150.903228759766,137.774200439453,40.6745147705078,7464.70947265625,320.709686279297,-18.3870964050293,339.096771240234,212.413970947266,158.301071166992,240.677093505859,59.8064498901367,381.193542480469,96.9677429199219,1.80645155906677,0.959999978542328,199.709671020508,21.0645160675049,169.580642700195,77.6774215698242
Urocyon cinereoargenteus,-108.801133,33.253617,2000,123.225807189941,134.516128540039,39.8987083435059,7581.45166015625,296.806457519531,-40.7096786499023,337.516143798828,171.376342773438,122.043014526367,216.542907714844,32.3548393249512,499.129028320313,110.161293029785,4,0.816774189472199,235.903228759766,36.0967750549316,180.064514160156,105
Urocyon cinereoargenteus,-108.18422,33.03451,1995,132.387100219727,134.129028320313,39.3067741394043,7691.9033203125,306.129028320313,-35.4516143798828,341.580657958984,201.33332824707,127.596771240234,226.397415161133,39.1290321350098,338.677429199219,80.7419357299805,2.35483860969543,0.887741923332214,175.838714599609,22,146.645156860352,65.2258071899414
Urocyon cinereoargenteus,-106.043816,31.912973,1998,168.548385620117,133.129028320313,38.6387100219727,7769.32275390625,338.290313720703,-6.67741918563843,344.967742919922,234.301071166992,162.123657226563,260.699035644531,71.0645141601563,263.677429199219,64.6451644897461,2.06451606750488,0.865161299705505,133.741928100586,19.4516124725342,106.225807189941,48.1290321350098
Urocyon cinereoargenteus,-106.510302,31.998035,1970,165.838714599609,133.064514160156,38.5958061218262,7793.32275390625,335.419342041016,-9.74193572998047,345.161285400391,235.053756713867,160.736557006836,258.505493164063,68.4193572998047,275.806457519531,68.2903213500977,1.87096774578094,0.879999995231628,142.774200439453,20.2580642700195,114.451614379883,50.3870964050293
Urocyon cinereoargenteus,-107.052655,32.067027,1970,178.870971679688,133.064514160156,38.2525787353516,7912.0966796875,350.354827880859,2.09677410125732,348.258056640625,249.279571533203,165.252685546875,273.220336914063,80.4193572998047,234.741928100586,63.3548393249512,1.19354844093323,0.981935501098633,135.290328979492,13.8709678649902,106.064514160156,36.9677429199219
Urocyon cinereoargenteus,-107.292962,32.895364,1980,173.32258605957,134.67741394043,38.1458053588867,8118.8388671875,350.387084960938,-3,353.387084960938,244.817199707031,146.059143066406,271.430969238281,73.5483856201172,237.419357299805,59.1935501098633,1.54838705062866,0.894193530082703,127.129035949707,15.4516124725342,96.9032287597656,39.2580642700195
Urocyon cinereoargenteus,-104.4815,32.3723,1970,162.935485839844,138,39.1338729858398,7957.935546875,334.064514160156,-18.9032249450684,352.967742919922,237.564514160156,95.9139785766602,257.877105712891,63.3225822448731,412.580657958984,118.838706970215,2.35483860969543,1.03612899780273,239.483871459961,18.2258071899414,174.903228759766,37.5483856201172
Urocyon cinereoargenteus,-105.814337,32.719261,1980,110,132.903228759766,39.6103210449219,7577.58056640625,277.580657958984,-58.2903213500977,335.870971679688,187.317199707031,80.0645141601563,201.494842529297,16.2903232574463,544.741943359375,135.161285400391,4.12903213500977,0.91483873128891,296.354827880859,39.9354820251465,257.096771240234,85.5161285400391
Urocyon cinereoargenteus,-104.354,32.288,1984,174.709671020508,137.870971679688,38.9119338989258,8019.54833984375,346.064514160156,-8.6129035949707,354.677429199219,247.865585327148,108.408599853516,269.984527587891,73.870964050293,329.096771240234,94.2580642700195,1.93548381328583,1.0158064365387,187.516128540039,15.3870964050293,135.354843139648,32.3548393249512
Urocyon cinereoargenteus,-105.544683,33.543517,1971,120.838706970215,133.193542480469,39.0999984741211,7790.61279296875,293.161285400391,-47.8064498901367,340.967742919922,202.639785766602,80.7688140869141,215.844192504883,25.2258071899414,434.129028320313,107.193550109863,3.5806450843811,0.892903208732605,234.580642700195,31.4516124725342,207.580642700195,63.0645179748535
Urocyon cinereoargenteus,-103.123774,32.9408025,1992,160.258071899414,135.67741394043,38.2335472106934,8098.45166015625,331.451599121094,-23.9354839324951,355.387084960938,226.263442993164,95.3172073364258,256.823547363281,58.3548393249512,417.225799560547,114,1.96774196624756,0.973225772380829,224.129028320313,19.8709678649902,168.838714599609,41.2580642700195
Urocyon cinereoargenteus,-103.611111,33.067778,1996,153.483871459961,137.387100219727,38.613224029541,8092.38720703125,326.032257080078,-30.2258071899414,356.258056640625,222.317199707031,90.5967712402344,250.16096496582,52.0645179748535,378.387084960938,106.838706970215,1.8387097120285,1.02193546295166,213.935485839844,16.3225803375244,166.645156860352,33.1290321350098
Urocyon cinereoargenteus,-100.251708,31.712638,1986,184.967742919922,121.032257080078,35.3077430725098,7988.9677734375,346.903228759766,3.29032254219055,343.612915039063,230.983871459961,114.978492736816,278.536437988281,83.2580642700195,559.903198242188,134.32258605957,4.51612901687622,0.844838678836823,260.096771240234,40.4838714599609,149.32258605957,68.8387069702149
Urocyon cinereoargenteus,-100.626412,31.953098,1987,184.32258605957,123.516128540039,35.5451622009277,8099.58056640625,348.903228759766,0.645161271095276,348.258056640625,236.844085693359,115.118278503418,279.317108154297,81.3871002197266,502.870971679688,125.774192810059,3.87096762657166,0.87354838848114,240.741928100586,32.9354820251465,139.903228759766,59.6129035949707
Urocyon cinereoargenteus,-101.247136,31.81603,1987,174.806457519531,125.032257080078,36.4503211975098,7935.74169921875,336.741943359375,-6.93548393249512,343.677429199219,227.231185913086,109.17204284668,267.581298828125,73.7096786499023,514.193542480469,127.516128540039,3.67741942405701,0.880322575569153,250.67741394043,31.1935482025147,153.129028320313,59.4193534851074
Urocyon cinereoargenteus,-101.472053,32.204482,1993,173.741928100586,127.580642700195,36.6300010681152,8072.48388671875,339.548400878906,-9.3870964050293,348.935485839844,224.639785766602,120.5,268.563537597656,71.4193572998047,460.354827880859,110.967742919922,3.25806450843811,0.874516129493713,221.096771240234,27.3548393249512,139.516128540039,56.2903213500977
Urocyon cinereoargenteus,-99.547798,31.745523,1991,184.483871459961,118.064514160156,34.6093559265137,7960.64501953125,347.129028320313,5.09677410125732,342.032257080078,227.758056640625,116.451614379883,278.328063964844,83.6774215698242,616.51611328125,139.741928100586,5.35483884811401,0.816451609134674,278.193542480469,49.8387107849121,161.387100219727,79.8064498901367
Urocyon cinereoargenteus,-97.207265,32.613931,1980,186.161285400391,106.096771240234,31.461935043335,8162.38720703125,349.612915039063,11.1935482025146,338.419342041016,209.338714599609,176.118286132813,283.167083740234,83.5161285400391,906.741943359375,174.258071899414,15.5806455612183,0.625806450843811,371.064514160156,101.645164489746,199.161285400391,178.870971679688
Urocyon cinereoargenteus,-81.521108,33.259391,1978,174.225799560547,99.5806427001953,33.4264526367188,7289.45166015625,312.935485839844,13.7419357299805,299.193542480469,203.935485839844,164.193542480469,260.091949462891,83.0322570800781,1146.32263183594,186.032257080078,28.1612911224365,0.513548374176025,417.548400878906,154.741928100586,349.161285400391,301.870971679688
Urocyon cinereoargenteus,-108.396667,30.898333,1995,172.806457519531,139.935485839844,41.7222595214844,7089.58056640625,340.516143798828,4.77419376373291,335.741943359375,236.096771240234,166.779571533203,256.666442871094,85.0645141601563,346.387084960938,88.3548355102539,1.61290323734283,0.979032278060913,192.419357299805,17.9677410125732,162.774200439453,56.8709678649902
Urocyon cinereoargenteus,-108.171667,30.626667,1994,164.903228759766,140.806457519531,42.5596771240234,6841.45166015625,330.064514160156,-1.12903225421906,331.193542480469,233.462371826172,161.607528686523,245.907745361328,80.4193572998047,411.387084960938,112.677421569824,1.80645155906677,1.06290328502655,247.612899780273,17.6129035949707,207.419357299805,59.7741928100586
Urocyon cinereoargenteus,-108.433644,31.474494,1985,169.870971679688,135.548385620117,39.8774185180664,7485.61279296875,339.387084960938,-0.870967745780945,340.258056640625,226.231185913086,176.881713867188,259.026123046875,77.3548355102539,350,81.5483856201172,2.06451606750488,0.881612896919251,175.741928100586,22.4838714599609,149.290328979492,70.3871002197266
Urocyon cinereoargenteus,-108.913333,31.409722,1985,160.258071899414,137.838714599609,40.9700012207031,7329.1611328125,328.806457519531,-8,336.806457519531,223.731185913086,177.559143066406,247.709350585938,70.1935501098633,362.645172119141,94.2903213500977,1.29032254219055,0.992903232574463,196.32258605957,16.9677410125732,165,76.0645141601563
Urocyon cinereoargenteus,-104.980013,30.629097,1978,195.967742919922,135.451614379883,39.7238693237305,7450.0322265625,359.580657958984,18.1612911224365,341.419342041016,260.822570800781,151.553756713867,281.953247070313,101,267.483856201172,85.3548355102539,1,1.13612902164459,171.580642700195,10.0967741012573,119.451614379883,24.1290321350098
Urocyon cinereoargenteus,-100.422169,31.475706,1993,187.548385620117,120.903228759766,35.6048393249512,7896.25830078125,347.741943359375,7.35483884811401,340.387084960938,232.021499633789,120.08602142334,279.763549804688,86.9677429199219,551.322570800781,131.225799560547,4.48387098312378,0.836129009723663,253.967742919922,40.3870964050293,143.290328979492,69.7741928100586
Urocyon cinereoargenteus,-100.98722,29.92833,1998,203.32258605957,117.25806427002,37.1503219604492,7184.1611328125,347.870971679688,31.3548393249512,316.516143798828,248.693542480469,129.016128540039,285.285797119141,110.709678649902,500.645172119141,112.935485839844,4.48387098312378,0.808387100696564,235.967742919922,36.0967750549316,160.903228759766,57.677417755127
Urocyon cinereoargenteus,-100.540775,30.911307,1990,181.064514160156,118.193550109863,36.0525817871094,7560.1611328125,334.677429199219,5.93548393249512,328.741943359375,228.618286132813,109.559143066406,268.645172119141,84.6128997802734,521.193542480469,122.483871459961,4.25806474685669,0.820322573184967,245.161285400391,37.9032249450684,148.741928100586,62.8064498901367
Urocyon cinereoargenteus,-98.069797,29.929701,1987,195.483871459961,103.870964050293,34.4954833984375,6973.9677734375,338.387084960938,36.0967750549316,302.290313720703,228.010757446289,173.365585327148,276.365478515625,106.677421569824,941.870971679688,202.483871459961,10.5483875274658,0.743548393249512,401.709686279297,90.7096786499024,234.258071899414,169.967742919922
Urocyon cinereoargenteus,-98.252268,30.230774,1972,192.483871459961,106.322578430176,34.5370979309082,7124.64501953125,339.064514160156,30.0967750549316,308.967742919922,211.82795715332,182.392471313477,275.634826660156,102,747.709655761719,155.483871459961,8.80645179748535,0.713225781917572,314.032257080078,76.5483856201172,171.903228759766,147.774200439453
Urocyon cinereoargenteus,-98.515371,31.100655,1999,194.161285400391,110.870964050293,33.9832267761231,7587.0966796875,350.516143798828,23.2258071899414,327.290313720703,219.193542480469,169.193542480469,283.505157470703,98.0967712402344,581.774169921875,119.032257080078,8.09677410125732,0.704193532466888,242.967742919922,58.5806465148926,133.096771240234,104.612899780273
Urocyon cinereoargenteus,-98.371644,30.757981,1989,196.580642700195,108.74193572998,34.0999984741211,7419.38720703125,349.032257080078,29.0967750549316,319.935485839844,223.387100219727,179.064514160156,283.586791992188,102.548385620117,657.225830078125,134.225799560547,8.80645179748535,0.696129024028778,275.774200439453,66.6451644897461,144.967742919922,124.483871459961
Urocyon cinereoargenteus,-99.92178,31.508476,1989,190.193542480469,118.967742919922,35.029354095459,7897.29052734375,351.096771240234,10.5806455612183,340.516143798828,234.215057373047,129.50537109375,282.821929931641,89.9032287597656,541.451599121094,121.161293029785,4.64516115188599,0.795161306858063,242,45.2580642700195,143.225799560547,73.5806427001953
Urocyon cinereoargenteus,-82.96,30.14,1994,200.064514160156,86.5483856201172,35.3829040527344,5826.74169921875,307.290313720703,61.5806465148926,245.709671020508,242.435485839844,178.112899780273,265.670654296875,125.903228759766,1371.77416992188,229.290328979492,27.6129035949707,0.546774208545685,548.032287597656,170.870971679688,510.677429199219,307.580657958984
Urocyon cinereoargenteus,-82.57,29.64,1991,204.548385620117,84.6451644897461,36.2654838562012,5463.806640625,305.838714599609,71.1935501098633,234.645156860352,259.801086425781,177.870971679688,265.618072509766,134.806457519531,1320.22583007813,226.483871459961,26.8709678649902,0.574838697910309,547.096801757813,158.709671020508,519.161315917969,281.741943359375
Urocyon cinereoargenteus,-83.96,30.16,1990,199.903228759766,70.2903213500977,30.2729034423828,5956.87109375,302.290313720703,69.0322570800781,233.258071899414,242.075271606445,183.779571533203,267.527740478516,124.451614379883,1476.25805664063,249.967742919922,30.1935482025147,0.533870935440064,577.225830078125,196.806457519531,508.258056640625,349.741943359375
Urocyon cinereoargenteus,-100.417856,29.310512,1985,211.451614379883,112.322578430176,36.8383865356445,6927.67724609375,351.064514160156,45,306.064514160156,255.198928833008,151.790328979492,290.010650634766,121.645164489746,578.677429199219,141.612899780273,4.03225803375244,0.89032256603241,282.967742919922,40.5161285400391,185.612899780273,65.0967712402344
Urocyon cinereoargenteus,-97.055468,28.002078,1999,219.612899780273,62.1612892150879,28.3980655670166,5469.70947265625,315.774200439453,95.7741928100586,220,256.457000732422,190.440856933594,281.026458740234,149.451614379883,842.806457519531,170.935485839844,12.5806455612183,0.675161302089691,360.870971679688,94.6451644897461,227.258071899414,145.741928100586
Urocyon cinereoargenteus,-82.5,27.69,1984,221.612899780273,72.4516143798828,37.1212921142578,4516.35498046875,303.322570800781,106.677421569824,196.645156860352,269.01611328125,198.913970947266,271.080963134766,163.838714599609,1264.90319824219,241.290328979492,19.1612911224365,0.689999997615814,592.612915039063,129.516128540039,529.161315917969,224.741928100586
Urocyon cinereoargenteus,-82.67,29.01,1996,210.580642700195,73.3225784301758,34.4993553161621,5130.70947265625,301.709686279297,87.8387069702148,213.870971679688,266.177429199219,182.838714599609,267.66064453125,145.225799560547,1296.09680175781,237.387100219727,24.2903232574463,0.628709673881531,575.354858398438,145.838714599609,540.258056640625,256.580657958984
Urocyon cinereoargenteus,-82.5,28.87,1985,209.806457519531,80.0645141601563,36.9509658813477,5055.48388671875,302.129028320313,84.0645141601563,218.064514160156,260.451599121094,181.817199707031,265.757751464844,145.548385620117,1295.93542480469,241.870971679688,22.4516124725342,0.64838707447052,579.580627441406,140.225799560547,541.741943359375,251.516128540039
Urocyon cinereoargenteus,-81.252764,28.549644,1999,216.225799560547,81.2580642700195,39.2299995422363,4524.12890625,304.032257080078,95.4516143798828,208.580642700195,262.978485107422,185.274200439453,265.752258300781,158.161285400391,1234.64514160156,221.419357299805,22.3548393249512,0.632258057594299,542.193542480469,132.290328979492,501.516143798828,206.032257080078
Urocyon cinereoargenteus,-114.019167,27.401667,2000,217.129028320313,119.419357299805,52.5145149230957,3942.32250976563,337.645172119141,110.193550109863,227.451614379883,202.790313720703,214.107528686523,270.575469970703,174.032257080078,77.8064498901367,27.9354839324951,0,1.15935480594635,48.3870964050293,0.838709652423859,15.8709678649902,39.0322570800781
Urocyon cinereoargenteus,-112.892778,27.299444,1997,234.483871459961,126.25806427002,47.3229026794434,5377.32275390625,373.322570800781,106.419357299805,266.903228759766,241.639785766602,234.602157592773,303.548400878906,171.967742919922,94.9032287597656,36.0967750549316,0,1.24935483932495,59.3870964050293,0,40.8709678649902,37.9677429199219
Urocyon cinereoargenteus,-111.843611,26.070556,1999,213.580642700195,112.903228759766,46.4993553161621,4948.48388671875,332.838714599609,89.8064498901367,243.032257080078,229.892471313477,218.66667175293,275.682891845703,155.032257080078,157.451614379883,60.6451606750488,0,1.30645167827606,99.6451644897461,1.06451618671417,82.129035949707,50.0967750549317
Urocyon cinereoargenteus,-111.575833,26.198333,2000,232.838714599609,94.4516143798828,41.4716148376465,5074.64501953125,344.322570800781,116.354835510254,227.967742919922,254.112899780273,237.655914306641,295.682891845703,172.548385620117,128.935485839844,47.9032249450684,0,1.27548384666443,81.6774215698242,1.12903225421906,67.9677429199219,40.5806465148926
Urocyon cinereoargenteus,-110.467222,24.1375,2000,247.774200439453,89.7419357299805,44.9167747497559,4111.48388671875,342.322570800781,142.258071899414,200.064514160156,285.951599121094,240.096771240234,298.307739257813,198.290328979492,184.129028320313,60.3548393249512,0,1.2367742061615,115.451614379883,2.19354844093323,107.096771240234,44.0645179748535
Urocyon cinereoargenteus,-111.055278,24.870833,1994,236.258071899414,108.032257080078,47.0580635070801,4553.35498046875,346.322570800781,116.451614379883,229.870971679688,283.720428466797,235.360214233398,292.316772460938,181.064514160156,196.419357299805,72.5161285400391,0,1.33806455135345,127.806449890137,1.12903225421906,119,50.5483856201172
Urocyon cinereoargenteus,-110.295833,24.308333,1998,240.903228759766,77.5483856201172,40.5603218078613,4236.8388671875,331.741943359375,140.258071899414,191.483871459961,286.49462890625,236.580642700195,292.613220214844,189.967742919922,249.225799560547,85.9032287597656,0.612903237342835,1.28451609611511,165,5.12903213500977,153.096771240234,49.7741928100586
Urocyon cinereoargenteus,-106.6625,25.175,1994,175.741928100586,128.645156860352,53.1722564697266,4027.25805664063,287.096771240234,44.8064498901367,242.290328979492,211.801071166992,172.650543212891,219.76838684082,123.774192810059,1157.80639648438,275.193542480469,3.51612901687622,1.00580644607544,620.193542480469,39.9677429199219,534.580627441406,253.870971679688
Urocyon cinereoargenteus,-104.03,23.586944,1986,163.903228759766,131.967742919922,54.9390335083008,3540.935546875,278.451599121094,37.8709678649902,240.580642700195,193.591400146484,148.118286132813,202.436447143555,117.387100219727,609.774169921875,207.806457519531,1,1.29322576522827,439.096771240234,11.6774196624756,268.322570800781,41.8709678649902
Urocyon cinereoargenteus,-104.111667,23.745556,1989,170.096771240234,132.193542480469,54.4590339660645,3630.16137695313,285.838714599609,42.7096786499023,243.129028320313,199.650543212891,154.220428466797,209.903228759766,122.419357299805,624.419372558594,217.032257080078,0.903225779533386,1.31516134738922,455.290313720703,11.1612901687622,273.677429199219,41.7741928100586
Urocyon cinereoargenteus,-104.2575,23.861333,1989,188.096771240234,132.32258605957,53.567741394043,3712.935546875,306.290313720703,58.8709678649902,247.419357299805,217.860214233398,173.161285400391,229.188385009766,139.483871459961,365.709686279297,116.225807189941,0.709677398204804,1.18225800991058,246.935485839844,8.12903213500977,148,37.8709678649902
Urocyon cinereoargenteus,-103.498054,25.560833,1972,230.225799560547,135.290328979492,47.9367752075195,4860.9677734375,360.096771240234,77.3225784301758,282.774200439453,267.145172119141,211.736557006836,283.914184570313,165.870971679688,249.354843139648,74.4838714599609,0.516129016876221,1.1058064699173,149.548385620117,8.3870964050293,91.9677429199219,26.3548393249512
Urocyon cinereoargenteus,-101.3876604,24.3849497,1977,185.774200439453,129.580642700195,53.100643157959,3849.9677734375,297.935485839844,53.5806465148926,244.354843139648,216.526885986328,167.290328979492,226.349670410156,134.548385620117,404.709686279297,96.4838714599609,1.74193549156189,0.916774213314056,212.225799560547,19.0967750549316,148.032257080078,53.0322570800781
Urocyon cinereoargenteus,-100.160556,25.368611,1982,217.741928100586,117.387100219727,45.6119346618652,4800.48388671875,334.322570800781,76.3225784301758,258,249.5,175.720428466797,269.855499267578,154.354843139648,797.096801757813,227.870971679688,3.77419352531433,1.04999995231628,446.612915039063,37.0645179748535,274.741943359375,65.4516143798828
Urocyon cinereoargenteus,-104.5,22.416667,1994,242,121.516128540039,56.7564506530762,2852.48388671875,341,126.612899780273,214.387100219727,266.720428466797,231.763442993164,271.037414550781,203.516128540039,637.064514160156,187.225799560547,0.870967745780945,1.21741938591003,445.451599121094,9.80645179748535,294.935485839844,65.8387069702149
Urocyon cinereoargenteus,-104.134167,23.428611,1993,157.290328979492,130.67741394043,55.4338722229004,3441.61279296875,269.322570800781,33.2580642700195,236.064514160156,186.639785766602,145.424728393555,194.327743530273,111.838706970215,445.225799560547,139.935485839844,0.935483872890472,1.20096778869629,304.806457519531,9.64516162872314,191.838714599609,46.3225822448731
Urocyon cinereoargenteus,-104.248056,23.3875,1994,141.354843139648,130.193542480469,55.830322265625,3399.77416992188,251.548385620117,18,233.548385620117,170.661285400391,127.059143066406,177.66194152832,96.4516143798828,650.258056640625,213.193542480469,1.22580647468567,1.27677416801453,468.967742919922,12.3870964050293,300.193542480469,52.4193534851074
Urocyon cinereoargenteus,-103.560499,22.3040824,1970,163.580642700195,131.870971679688,57.9941940307617,2947.19360351563,271.903228759766,44.1935501098633,227.709671020508,187.844085693359,152.064514160156,194.311935424805,124.161293029785,787.903198242188,245.419357299805,0.612903237342835,1.30225801467896,581.129028320313,8.09677410125732,336.161285400391,43.0322570800781
Urocyon cinereoargenteus,-88.142502,21.571945,1989,255.838714599609,44.9032249450684,43.3438720703125,1914.12902832031,303.774200439453,199.709671020508,104.064514160156,270.688171386719,245.629028320313,275.727111816406,230.612899780273,820.709655761719,151.967742919922,7.96774196624756,0.673870980739594,366.161285400391,66.0967712402344,292.870971679688,124.838706970215
Urocyon cinereoargenteus,-100.413611,20.503611,1996,178.193542480469,110.516128540039,54.8077430725098,2438.38720703125,276.967742919922,74.9677429199219,202,191.091400146484,162.49462890625,207.064193725586,146.806457519531,466.290313720703,138.612899780273,0.74193549156189,1.1322580575943,300.161285400391,10.3225803375244,138.451614379883,21.0322589874268
Urocyon cinereoargenteus,-98.437775,20.143889,1979,147.129028320313,94.6128997802734,54.2419357299805,2344.64526367188,227.064514160156,52.4516143798828,174.612899780273,164.112899780273,124.376342773438,170.833541870117,115.225807189941,737.419372558594,165.451614379883,4.87096786499023,0.878064513206482,388.064514160156,30.5161285400391,275.548400878906,41.4516143798828
Urocyon cinereoargenteus,-98.910835,20.617777,1983,192.806457519531,92.6451644897461,50.8732261657715,2630.9677734375,277.290313720703,94.9354858398438,182.354843139648,209.069900512695,170.913970947266,220.478713989258,157.387100219727,482.935485839844,114.74193572998,3.54838705062866,0.898064494132996,252.419357299805,20.8064517974854,160.709671020508,31.8064517974854
Urocyon cinereoargenteus,-99.431664,20.856667,1982,197.548385620117,95.5483856201172,50.2645149230957,2713.19360351563,287.451599121094,97.0645141601562,190.387100219727,213.629028320313,174.629028320313,227.133224487305,161.32258605957,432.870971679688,111.419357299805,2.19354844093323,0.96967738866806,241.161285400391,15.3870964050293,141.838714599609,25.3548393249512
Urocyon cinereoargenteus,-99.151944,21.19,1979,174.580642700195,89.8064498901367,48.8635482788086,2907.25805664063,258.193542480469,74.0967712402344,184.096771240234,193.784942626953,149.215057373047,204.591293334961,135.290328979492,1176.83874511719,291.419342041016,10.8387098312378,0.919677436351776,633.419372558594,59.7096786499024,409.225799560547,91.1612930297852
Urocyon cinereoargenteus,-89.624722,20.964444,1981,261.516143798828,70.4193572998047,51.1509666442871,2136.38720703125,328.870971679688,190.483871459961,138.387100219727,278.021514892578,249.650543212891,283.6064453125,233.225799560547,869.354858398438,186.774200439453,5.67741918563843,0.826129019260407,441.774200439453,50.1935501098633,315.774200439453,93.1935501098633
Urocyon cinereoargenteus,-88.620817,21.269576,1981,257.193542480469,60.8709678649902,49.4077415466309,1987,316.032257080078,192.193542480469,123.838706970215,273.553771972656,247.231185913086,277.44580078125,230.774200439453,988.774169921875,194.967742919922,8.58064556121826,0.75290322303772,476.451599121094,68.7419357299805,375.387084960938,120.612899780273
Urocyon cinereoargenteus,-87.183333,21.216667,1991,254.612899780273,47.5483856201172,46.8025817871094,1742.32263183594,301.774200439453,199.612899780273,102.161293029785,266.844085693359,243.543014526367,272.640014648438,231.612899780273,1105.09680175781,207.709671020508,12.6129035949707,0.653225779533386,485.193542480469,95.3225784301758,355.451599121094,160.870971679688
Urocyon cinereoargenteus,-87.684166,21.4825,1989,254.709671020508,47,45.4335479736328,1842.90319824219,302.612915039063,198.67741394043,103.935485839844,269.236572265625,243.919357299805,273.822265625,230.451614379883,917.322570800781,167,9.41935443878174,0.657741904258728,402.806457519531,78.2258071899414,320,141.193542480469
Urocyon cinereoargenteus,-87.783333,19.616667,1995,256.451599121094,54.0967750549316,50.3529014587402,1643.67736816406,306.870971679688,198.741928100586,108.129035949707,266.284942626953,248.032257080078,273.144195556641,234.612899780273,1202.87097167969,229.387100219727,16.5161285400391,0.652258038520813,525.741943359375,100.612899780273,352.322570800781,168.709671020508
Urocyon cinereoargenteus,-87.621389,19.786111,1995,256.290313720703,51.0322570800781,49.5038719177246,1619.0322265625,304.580657958984,200.870971679687,103.709678649902,265.876342773438,247.575271606445,272.892578125,234.903228759766,1209.87097167969,226.32258605957,17.3870964050293,0.641290307044983,525.419372558594,100.903228759766,364.161285400391,170.419357299805
Urocyon cinereoargenteus,-87.8831688,19.8172963,1989,254.516128540039,60.8387107849121,52.1319351196289,1722.64514160156,310.258056640625,192.774200439453,117.483871459961,265.833343505859,244.435485839844,272.219360351563,231.774200439453,1177.67736816406,232.741928100586,13.7741937637329,0.689354836940765,529.032287597656,93.4193572998047,357.741943359375,152.032257080078
Urocyon cinereoargenteus,-105.043611,19.494722,1994,258.064514160156,69.0645141601563,57.2200012207031,1703.93542480469,308,186.870971679688,121.129035949707,274.032257080078,244.5,276.144836425781,236.419357299805,947.419372558594,260.258056640625,1.19354844093323,1.17806446552277,626.677429199219,10.7419357299805,504.677429199219,48.3870964050293
Urocyon cinereoargenteus,-102.100833,17.983333,1991,271.483856201172,39.9677429199219,54.3664512634277,986.967712402344,302.774200439453,228.903228759766,73.870964050293,278.844085693359,261.903228759766,281.505798339844,258.935485839844,929.709655761719,282.516143798828,0.612903237342835,1.25193548202515,621.032287597656,7.4193549156189,453.838714599609,22.7419357299805
Urocyon cinereoargenteus,-102.220001,19.448999,1998,117.677421569824,114.322578430176,58.753547668457,1816.45166015625,213.419357299805,18.4838714599609,194.935485839844,126.532257080078,107.967742919922,138.403549194336,93.7096786499023,1534.29028320313,406.741943359375,1.48387098312378,1.18354833126068,1024.25805664063,16.8064517974854,382.677429199219,60.8387107849121
Urocyon cinereoargenteus,-101.87,19.163889,1997,239.903228759766,109.967742919922,57.7787094116211,1708.19360351563,337.419342041016,146.67741394043,190.741928100586,242.537628173828,239.112899780273,261.725494384766,219.548385620117,705,177.741928100586,0.903225779533386,1.11580646038055,448,9.83870983123779,134.225799560547,40.8064498901367
Urocyon cinereoargenteus,-99.116667,19.104167,1995,117.096771240234,109.967742919922,61.4932250976563,1731.77416992188,202.32258605957,23.1612911224365,179.161285400391,127.623657226563,104.795700073242,134.885803222656,93.5806427001953,1082.67736816406,266.129028320313,1.32258069515228,1.06064510345459,656.290344238281,20.3870964050293,355.806457519531,39.6451606750488
Urocyon cinereoargenteus,-99.795556,18.506389,1986,189.709671020508,109.580642700195,60.2429046630859,1547.06457519531,281.806457519531,99.4193572998047,182.387100219727,194.376342773438,181.284942626953,208.440002441406,170.645156860352,1088.06457519531,294.548400878906,0.612903237342835,1.13419353961945,680.387084960938,14.8387098312378,259.870971679688,30.1935482025147
Urocyon cinereoargenteus,-99.557222,18.108333,1978,253.967742919922,107.870964050293,60.2354850769043,1500.61291503906,347,167.419357299805,179.580642700195,254.940856933594,250.118286132813,273.656127929688,237.193542480469,723.709655761719,191.32258605957,0.290322571992874,1.16419351100922,468.903228759766,7.32258081436157,85.1612930297852,16.6451606750488
Urocyon cinereoargenteus,-99.403055,18.832778,1985,224.774200439453,110.645164489746,60.452579498291,1669.29028320313,316.580657958984,133.064514160156,183.516128540039,231.096771240234,215.795700073242,244.467422485352,203.838714599609,1015.09680175781,268.677429199219,0.709677398204804,1.13870966434479,646.645141601563,14.4516124725342,217.32258605957,31.0967750549316
Urocyon cinereoargenteus,-96.806663,18.713055,1970,237.451614379883,82.7096786499024,52.4458045959473,2212.61279296875,312.193542480469,154.258071899414,157.935485839844,252.897842407227,220.881713867188,259.155151367188,206.967742919922,2321.935546875,543.354858398438,24.0967750549316,0.919032275676727,1283.54833984375,125.354835510254,834.322570800781,168.67741394043
Urocyon cinereoargenteus,-96.976667,17.763889,1994,233.290328979492,93.4838714599609,55.601936340332,1946.41931152344,316.548400878906,148.064514160156,168.483871459961,243.252685546875,220.010757446289,254.101287841797,207.193542480469,592.903198242188,155.580642700195,4.45161294937134,0.990000009536743,332.806457519531,22.7419357299805,175.612899780273,34.5483856201172
Urocyon cinereoargenteus,-96.708333,18.041667,1990,198.870971679688,86.2903213500977,54.0229034423828,2068.35473632813,275.870971679688,115.870964050293,160,211.741928100586,188.564514160156,219.403549194336,170.290328979492,2053.80639648438,495.064514160156,24.9677410125732,0.895806431770325,1113.29028320313,123.25806427002,570.290344238281,191.580642700195
Urocyon cinereoargenteus,-96.491667,18.441667,1970,256.677429199219,79.1935501098633,50.6270980834961,2277.12915039063,331.677429199219,175,156.67741394043,272.430114746094,241.962371826172,279.172576904297,225.258071899414,2132.80639648438,538.258056640625,19.7096767425537,0.993225812911987,1247.32263183594,101.870964050293,720.967712402344,142.161285400391
Urocyon cinereoargenteus,-96.404167,18.811667,1980,254.645156860352,71.0322570800781,49.0299987792969,2303.48388671875,322.741943359375,177.645156860352,145.096771240234,272.096771240234,236.489242553711,276.995178222656,222.709671020508,1390.12902832031,366.290313720703,9.09677410125732,1.07709681987762,862.612915039063,48.3548393249512,606.354858398438,66.8064498901367
Urocyon cinereoargenteus,-97.551944,18.328333,1977,184.258071899414,97.7419357299805,58.2209663391113,1854.83874511719,266.290313720703,98.0645141601563,168.225799560547,197.586029052734,166.274200439453,203.435165405273,159.193542480469,492.709686279297,131.32258605957,1.80645155906677,1.01516127586365,277.612915039063,14.6129035949707,202.67741394043,18.6774196624756
Urocyon cinereoargenteus,-96.981944,17.899444,1994,238.290328979492,91.9677429199219,54.994514465332,1994.77416992188,320.838714599609,153.290328979492,167.548385620117,248.908599853516,227.134414672852,259.430328369141,211.32258605957,609.935485839844,156.032257080078,5.32258081436157,0.962580621242523,340.225799560547,27.4193553924561,176.935485839844,41.3548393249512
Urocyon cinereoargenteus,-95.341614,18.624281,1975,247.451614379883,38.7096786499023,38.038387298584,2118.77416992188,293.677429199219,191.516128540039,102.161293029785,260.403228759766,241.639785766602,267.999359130859,218.612899780273,2509.9033203125,555.903198242188,26.0645160675049,0.798387110233307,1280.22583007813,128.32258605957,678.258056640625,364.161285400391
Urocyon cinereoargenteus,-92.49,18.6275,2000,261.645172119141,43.0645179748535,42.025806427002,1964.25805664063,311.161285400391,208.032257080078,103.129035949707,265.747314453125,258.516143798828,281.667083740234,235,1491.22583007813,292.129028320313,14.8709678649902,0.717096745967865,707.258056640625,88.5806427001953,359.870971679688,257.580657958984
Urocyon cinereoargenteus,-90.820833,18.613611,1981,259.064514160156,74.6451644897461,51.6474189758301,2085.48388671875,333.193542480469,187.903228759766,145.290328979492,272.258056640625,250.268814086914,280.994201660156,231.387100219727,1314.9677734375,295.870971679688,7.87096786499023,0.89032256603241,712.193542480469,60.3548393249512,349.161285400391,117.838706970215
Urocyon cinereoargenteus,-88.65455,17.758649,2000,256.838714599609,52.677417755127,50.9087104797363,1553.83874511719,305.774200439453,201.580642700195,104.193550109863,264.145172119141,254.387100219727,272.505157470703,236.193542480469,1577.09680175781,299.774200439453,20.9677410125732,0.674193561077118,673.612915039063,121.935485839844,421.806457519531,280.064514160156
Urocyon cinereoargenteus,-88.100556,19.223889,1985,255.193542480469,54.3870964050293,50.4867744445801,1641,305.870971679688,197.354843139648,108.516128540039,266.139770507813,248.107528686523,271.859344482422,233.451614379883,1328,253,18.5806446075439,0.656129062175751,577.064514160156,112.74193572998,388.322570800781,200.645156860352
Urocyon cinereoargenteus,-89.4,18.666667,1991,240.935485839844,70.3225784301758,53.1996765136719,1792.48388671875,306.516143798828,173.516128540039,133,252.301071166992,234.150543212891,259.178070068359,216.903228759766,1069.90319824219,231.290328979492,12.4516124725342,0.761612892150879,508.935485839844,75.129035949707,298.322570800781,136.451614379883
Urocyon cinereoargenteus,-88.305278,18.503611,1990,257.903228759766,46.2903213500977,48.4448394775391,1508.51611328125,302.548400878906,206.225799560547,96.3225784301758,268.209686279297,250.876342773438,273.129028320313,237.935485839844,1309.48388671875,267.903228759766,15.9032258987427,0.723225831985474,581.064514160156,91.8064498901367,405.322570800781,193.645156860352
Urocyon cinereoargenteus,-89.688611,17.913056,1994,242.258071899414,67.2258071899414,52.2370948791504,1762.48388671875,306.870971679688,177.483871459961,129.387100219727,250.758056640625,237.080642700195,260.468078613281,218.516128540039,1285.90319824219,262.483856201172,15.4193544387817,0.709032237529755,582.580627441406,92.6451644897461,314.741943359375,192.516128540039
Urocyon cinereoargenteus,-87.959722,19.2825,1996,256.096771240234,52.1290321350098,49.8748397827148,1620.22583007813,305.096771240234,199.806457519531,105.290321350098,266.612915039063,249.279571533203,272.62353515625,234.67741394043,1342.29028320313,253.064514160156,18.9677410125732,0.646774172782898,576.870971679688,114.322578430176,392.290313720703,206.419357299805
Urocyon cinereoargenteus,-100.629722,17.238889,1972,271.645172119141,66.870964050293,59.7674179077148,874.580627441406,327.419342041016,215.064514160156,112.354835510254,272.166656494141,268.870971679688,281.564514160156,262.064514160156,948.48388671875,284.580657958984,0.290322571992874,1.2525806427002,613.48388671875,5.09677410125732,235.67741394043,45.4516143798828
Urocyon cinereoargenteus,-99.165555,17.409444,1976,239.903228759766,98.2580642700195,61.9796752929688,1168.64514160156,320.580657958984,161.548385620117,159.032257080078,240.381713867188,236.354843139648,254.26774597168,226.483871459961,1106.45166015625,294.258056640625,0.774193525314331,1.16838705539703,711.419372558594,10.7741937637329,131.129028320313,29.4838714599609
Urocyon cinereoargenteus,-99.650833,17.535833,1985,132.419357299805,99.4516143798828,61.9425811767578,1196.41931152344,211.967742919922,50.9677429199219,161,135.16667175293,125.059143066406,146.048065185547,117.483871459961,1326.74194335938,335.516143798828,1.80645155906677,1.09032261371613,811.935485839844,20.8064517974854,324.677429199219,44.4838714599609
Urocyon cinereoargenteus,-99.393611,17.454722,1995,205.935485839844,98.2580642700195,61.9883880615234,1161.67736816406,285.774200439453,126.774192810059,159,206.064514160156,201.747314453125,219.822265625,192.225799560547,1025.67736816406,258.548400878906,0.967741906642914,1.09645164012909,627.935485839844,12.9677419662476,144.225799560547,34.5806465148926
Urocyon cinereoargenteus,-97.6875,15.966389,1977,276.258056640625,49.9677429199219,59.958065032959,768.903198242188,316.225799560547,232.451614379883,83.7741928100586,278.397857666016,272.698913574219,283.887756347656,267.290313720703,1073.74194335938,314.677429199219,1.45161294937134,1.23193550109863,673.48388671875,11.7419357299805,313.548400878906,33.0322570800781
Urocyon cinereoargenteus,-96.453055,16.719167,1998,186.67741394043,99.2903213500977,60.0896759033203,1543.67736816406,268.096771240234,102.516128540039,165.580642700195,195.618286132813,170.784942626953,203.349029541016,166.129028320313,488.870971679688,130.645156860352,1.80645155906677,1.03709673881531,281.225799560547,11.6451616287231,177.548385620117,14.7741937637329
Urocyon cinereoargenteus,-96.487222,17.330556,1974,156.290328979492,93.7096786499023,56.8145141601563,1850.22583007813,237,71.7419357299805,165.258071899414,166.204299926758,145.220428466797,175.322265625,130.967742919922,898.161315917969,223.709671020508,9.19354820251465,0.902258098125458,477.096771240234,48.2903213500977,259.161285400391,72.1612930297852
Urocyon cinereoargenteus,-96.608333,15.708333,1974,278.677429199219,57.2903213500977,58.7067756652832,943.903198242188,324.903228759766,226.903228759766,98,282.247314453125,272.129028320313,288.085479736328,267.032257080078,792.48388671875,234.612899780273,1.54838705062866,1.19516134262085,493.903228759766,10.7741937637329,216.290328979492,19.6129035949707
Urocyon cinereoargenteus,-94.168056,16.566667,1995,152.580642700195,74.2580642700195,55.8170967102051,1592.80639648438,215.741928100586,82.2903213500977,133.451614379883,162.752685546875,141.709671020508,168.166778564453,130.451614379883,1858.38708496094,516.48388671875,4.70967721939087,1.11354839801788,1131.58068847656,39.7419357299805,652.870971679688,56.2258071899414
Urocyon cinereoargenteus,-94.026111,16.42,1998,213.451614379883,73.2580642700195,55.5267753601074,1547.12902832031,276.774200439453,144.419357299805,132.354843139648,222.725799560547,197.134414672852,228.956771850586,192.258071899414,1368.64514160156,402.161285400391,1.96774196624756,1.20322585105896,873.612915039062,12.0322580337524,481.096771240234,14.4193544387817
Urocyon cinereoargenteus,-92.316667,17.277778,1981,184.258071899414,79.6774215698242,55.8870964050293,1870.67736816406,255.354843139648,112.225807189941,143.129028320313,192.075271606445,178.107528686523,203.032897949219,158.806457519531,3549.87084960938,710.709655761719,37.9032249450684,0.719677448272705,1645,269.387084960938,926.709655761719,558.225830078125
Urocyon cinereoargenteus,-92.899722,17.158333,1981,167.806457519531,81.870964050293,56.9474182128906,1844.38708496094,238.129028320313,93.870964050293,144.258071899414,175.258071899414,159.698928833008,186.253875732422,142.580642700195,1912.35485839844,382.645172119141,19.9354839324951,0.729032278060913,885.451599121094,143.32258605957,539.322570800781,286.903228759766
Urocyon cinereoargenteus,-92.793889,15.715556,1981,213,77.6451644897461,61.6699981689453,1024.58068847656,275.967742919922,149.645156860352,126.322578430176,216.086029052734,205.274200439453,223.983551025391,200.096771240234,1803.9677734375,441.774200439453,3.09677410125732,1.04387092590332,1055.16125488281,20.3870964050293,306.612915039063,63.1612892150879
Urocyon cinereoargenteus,-93.671111,16.958889,1992,216.741928100586,79.870964050293,55.3051605224609,1839.45166015625,287.322570800781,142.451614379883,144.870971679688,225.704299926758,212.736557006836,235.263229370117,191.709671020508,1862.83874511719,400.806457519531,15.3225803375244,0.784838736057282,909.741943359375,118.806449890137,454.258056640625,280.193542480469
Urocyon cinereoargenteus,-93.266667,16.233333,1990,242.225799560547,83.3548355102539,59.3480644226074,1371.12902832031,311.258056640625,170.354843139648,140.903228759766,249.989242553711,227.580642700195,255.968063354492,224.225799560547,1079.09680175781,294.774200439453,1.29032254219055,1.17354834079742,705.129028320313,6.83870983123779,314.677429199219,12.0322580337524
Urocyon cinereoargenteus,-92.017778,15.681944,1995,234.387100219727,84.6128997802734,61.4541931152344,1195,303.774200439453,165.709671020508,138.064514160156,238.473114013672,230.360214233398,246.940643310547,218.67741394043,1199.67736816406,282.516143798828,4.90322589874268,0.948709666728973,638.129028320313,35.677417755127,223.903228759766,95.7096786499024
Urocyon cinereoargenteus,-91.064444,16.719444,1992,235.67741394043,68.1935501098633,51.8732261657715,1796.93542480469,303,171.032257080078,131.967742919922,244.392471313477,227.5,254.236129760742,211.32258605957,2072.74194335938,429,17.2580642700195,0.8022580742836,1019.12902832031,109.193550109863,510,242.67741394043
Urocyon cinereoargenteus,-91.126389,16.830556,1997,235.516128540039,68.8064498901367,51.949031829834,1814.12902832031,303.032257080078,170.064514160156,132.967742919922,244.419357299805,227.290328979492,254.129028320313,210.838714599609,2057.74194335938,428.354827880859,17.3548393249512,0.803548395633698,1015.19354248047,112.193550109863,515.096801757813,239.870971679688
Urocyon cinereoargenteus,-91.729444,16.115,1998,182.032257080078,81.6451644897461,58.6445159912109,1482.29028320313,251.483871459961,111.838706970215,139.645156860352,189.268814086914,177.67204284668,196.893218994141,161.709671020508,1846.54833984375,396.870971679688,12.5483875274658,0.84354841709137,942.419372558594,88.6451644897461,453,220.709671020508
Urocyon cinereoargenteus,-92,16.138889,1997,181.903228759766,84.8387069702149,59.5522575378418,1432.48388671875,252.967742919922,110.096771240234,142.870971679688,188.586013793945,174.548385620117,196.236450195313,162.32258605957,1484.29028320313,341.290313720703,8.06451606750488,0.908709704875946,785.129028320313,57.1935501098633,402.677429199219,115.25806427002
Urocyon cinereoargenteus,-88.416667,16.95,1981,247.870971679688,42.1935501098633,47.817741394043,1446.9677734375,289.709686279297,200.935485839844,88.7741928100586,254.887100219727,246.731185913086,262.478057861328,228.774200439453,2790.58056640625,505.387084960938,37.6451606750488,0.642580628395081,1153.80639648438,212.419357299805,790.806457519531,550.064514160156
Urocyon cinereoargenteus,-89.624081,17.222169,1994,238.967742919922,62.8709678649902,51.6580657958984,1714.12902832031,299.677429199219,177.419357299805,122.25806427002,245.354843139648,237.456985473633,256.526458740234,215.709671020508,1698.41931152344,317.193542480469,21.6451606750488,0.659677445888519,728.419372558594,132.096771240234,407.322570800781,288.516143798828
Urocyon cinereoargenteus,-92.283333,15.261944,1973,164.935485839844,72.4838714599609,63.4648399353027,902.612915039063,220.387100219727,105.74193572998,114.645164489746,167.010757446289,159.075271606445,174.328063964844,153.258071899414,2263.25805664063,470.096771240234,9.09677410125732,0.869354844093323,1132.67736816406,76.6451644897461,573.419372558594,166.129028320313
Urocyon cinereoargenteus,-92.6325,15.420278,2000,183.32258605957,68.870964050293,62.1729011535645,906.129028320312,237.387100219727,126.193550109863,111.193550109863,186.274200439453,174.053756713867,192.737091064453,171.741928100586,3150.54833984375,748.032287597656,5.03225803375244,1.01483869552612,1775.09680175781,42.0322570800781,759.870971679688,94.6128997802734
Urocyon cinereoargenteus,-92.803056,15.526389,2000,229.258071899414,69.7741928100586,61.6945152282715,922.354858398437,285.161285400391,171.612899780273,113.548385620117,231.564514160156,220.747314453125,239.28483581543,217.935485839844,2078.9033203125,515.322570800781,2.64516139030457,1.04935479164124,1203.64514160156,19.0322589874268,419.161285400391,59.0967750549316
Urocyon cinereoargenteus,-84.8075718,10.3089408,1974,174.645156860352,41,59.0932235717774,673.838684082031,215.709671020508,146,69.7096786499024,169.876342773438,180.295700073242,183.468063354492,168.419357299805,2895.77416992188,531.580627441406,22.7096767425537,0.744193553924561,1351.12902832031,129.709671020508,318.548400878906,1101.38708496094
